node,conceptualized_node,node_type
enormous trade deficits occurred during Reagan's tenure,"economic imbalance, trade deficit, macroeconomic issue, financial problem, politics",event
Reagan emphasized the pre-eminent position of We the People in the American system,"speech, political event, declaration, statement, address",event
Reagan's tenure turned America into the world's biggest debtor nation,"economic shift, financial decline, policy impact, debt increase",event
Naples is in Campania,"geography, location, inclusion",event
An art exhibit at the Hakawati Theatre in Arab east Jerusalem was a series of portraits of Palestinians killed in the rebellion.,"exhibition, art display, memorial, cultural event, portrait showing",event
Reagan sounded positive notes reminiscent of earlier speeches throughout his political career,"speech, political communication, optimism, address, rhetoric",event
He made a speech at the University of Virginia in Charlottesville on Dec. 16,"public speaking, address, lecture, presentation",event
Comedian Tuvia Tzafir created a skit attacking public apathy by depicting an Israeli family watching TV while a fire raged outside,"satire, comedy, social commentary, performance, broadcast",event
"The ANSA news agency said the operation involved police in Umbria and Lazio provinces in central Italy and Campania province in the south, without specifying exact arrest locations.","police operation, law enforcement, arrest, investigation, news reporting",event
He argued in a speech at the University of Virginia in Charlottesville Dec. 16 that Congress had perpetuated a dangerous situation in Central America by its indecisiveness on his program of aid to the anti-communist Contra rebels.,"speech, political debate, arguing, public speaking, controversy",event
Reagan gave a speech to political appointees in Washington on Dec. 13,"speech, political event, address, communication, public speaking",event
The exhibit featured a series of portraits of Palestinians killed in the rebellion,"exhibition, memorial, art display, remembrance, tribute",event
Reagan delivered a speech to political appointees in Washington on Dec. 13.,"speech, communication, political event, address",event
Reagan claimed that the iron triangle had prevented his administration from balancing the federal budget.,"statement, claim, political dispute, accusation",event
Congress perpetuated a dangerous situation in Central America,"political action, crisis, escalation, policy decision, governance",event
Police stopped their car and found $1 million in bogus bills in the trunk.,"seizure, discovery, counterfeiting, investigation, crime",event
Israel television rejected a skit by comedian Tuvia Tzafir,"censorship, rejection, media, broadcast, suppression",event
He argued that Congress had perpetuated a dangerous situation in Central America,"debate, political dispute, argument, disagreement, criticism",event
"Congress showed on-again, off-again indecisiveness on his program of aid to the anti-communist Contra rebels","indecision, political debate, legislative process, congressional action, policy conflict",event
Rome is in Lazio province,"geography, location, belonging",event
Reagan claimed that the iron triangle had prevented his administration from balancing the federal budget,"accusation, political conflict, policy debate, claim",event
Israel television rejected a skit by comedian Tuvia Tzafir that attacked public apathy by depicting an Israeli family watching TV while a fire raged outside.,"censorship, television rejection, political satire, media control, public criticism",event
Five people were arrested there Tuesday night,"arrest, law enforcement, detainment, police action, apprehension",event
An art exhibit opened at the Hakawati Theatre in Arab east Jerusalem,"exhibition, art show, cultural event, gallery opening, public event",event
America turned into the world's biggest debtor nation,"economic decline, financial crisis, debt increase, national debt",event
"There was no mention at all of the Contras, the arms sales to Iran or the enormous trade deficits that during Reagan's tenure have turned America into the world's biggest debtor nation.","political omission, historical discussion, information suppression",event
Officials in Perugia in Umbria province said five people were arrested there Tuesday night.,"arrest, law enforcement, crime, detainment, legal action",event
"PERUGIA, Italy","location, geography, travel, destination",event
Police found $1 million in bogus bills in the trunk,"counterfeiting, crime, discovery, seizure, investigation",event
Police stopped their car,"traffic stop, vehicle inspection, intervention, law enforcement, stopping",event
their car,"vehicle, automobile, transport, property",entity
political appointees,"official, government official, person, public servant, employee",entity
Campania,"region, territory, place, location, administrative division",entity
Lazio provinces,"province, region, area, location",entity
career,"profession, occupation, work, job, calling",entity
AP,"news agency, agency, organization, company",entity
police,"organization, agency, authority, department, service",entity
Associated Press,"agency, organization, news agency, company, media",entity
America,"country, nation, state, land, republic",entity
Umbria province,"province, region, area, territory, location",entity
He,"person, man, individual, male",entity
PERUGIA,"city, town, municipality, settlement, location",entity
Contras,"militia, group, organization, rebel force",entity
Dec. 13,"date, day, time",entity
rebellion,"conflict, uprising, protest, event, unrest",entity
Washington,"city, capital, place, location",entity
Hakawati Theatre,"theater, building, venue, cultural center",entity
Lazio province,"province, region, area, territory, location",entity
Iran,"country, nation, state, republic",entity
administration,"government, agency, branch, organization, authority",entity
Rome,"city, capital, municipality, settlement, location",entity
five people,"group, individuals, people, human beings, suspects",entity
Officials,"person, people, human, public servant, worker",entity
Perugia,"city, town, municipality, settlement, commune, geographic area, location",entity
portraits,"artwork, art, painting, photograph, visual art",entity
members of Congress,"politician, official, legislator, representative, person",entity
iron triangle,"concept, model, theory, system, network",entity
speech,"address, communication, lecture, talk",entity
Congress,"legislature, body, organization, institution",entity
ANSA news agency,"news agency, organization, company, media, business",entity
operation,"action, activity, mission, event, procedure",entity
program of aid,"aid, program, policy, initiative, operation",entity
skit,"sketch, performance, comedy, show, video",entity
debtor nation,"country, nation, state, economy",entity
city upon a hill,"metaphor, concept, ideal, symbol, phrase",entity
bogus bills,"counterfeit money, currency, fake money, bills, evidence",entity
Campania province,"province, region, area, territory",entity
notes,"sound, tone, utterance, voice, speech",entity
Italy,"country, nation, sovereign state, place",entity
Naples,"city, town, municipality, settlement, geographic location",entity
car,"vehicle, automobile, machine, transport, conveyance",entity
Umbria,"region, province, area, territory, location",entity
Arab east Jerusalem,"location, place, area, region, city",entity
public apathy,"attitude, feeling, emotion, psychological state, state of mind",entity
situation in Central America,"crisis, conflict, political situation, regional issue, event",entity
Israel television,"broadcaster, network, television station, media company",entity
$1 million in bogus bills,"currency, money, cash, bogus bills, bill",entity
news media,"media, organization, industry, publisher",entity
trunk,"compartment, container, auto part, vehicle part",entity
Israeli family,"family, group, people, household",entity
Tuvia Tzafir,"person, comedian, actor, celebrity",entity
federal budget,"budget, finance, policy, document",entity
art exhibit,"event, exhibition, show, display, cultural event",entity
anti-communist Contra rebels,"rebel, militant, group, organization, insurgent, force",entity
Reagan,"president, politician, individual, person, leader",entity
the trunk,"compartment, vehicle part, container, storage",entity
Palestinians,"people, population, group, nationality, ethnic group",entity
trade deficits,"economic indicator, financial term, economic problem, deficit, metric",entity
special interest groups,"organization, group, association, coalition, body",entity
speeches,"speech, address, communication, text",entity
because,"cause, reason, due to, origin, factor",relation
at the same time,"simultaneously, concurrently, meanwhile",relation
before,"prior to, earlier, preceding",relation
occurred in,"happen in, take place in, take place, occur, happen",relation
is located in,"be situated in, lie in, reside in, placed in, found in",relation
reports from,"origin, source, feedback",relation
contained,"include, hold, encompass, comprise, feature",relation
is participated by,"contain, include, involve",relation
depict,"represent, show, picture, portray, illustrate",relation
involved,"associated, connected, engaged, linked, partake",relation
operated in,"work in, function in, operate within, active in",relation
attacked,"strike, assault, hit, engage, combat",relation
imagined as,"envisioned as, conceptualized as, pictured as, viewed as",relation
targeted,"aimed at, focus on, directed at, point toward",relation
spanned,"lasted, endured, covered, extended, bridged",relation
rejected,"turn down, decline, dismiss, refuse",relation
is in,"located in, reside in, situated in, exist in",relation
as a result,"consequence, result, outcome, effect",relation
stopped,"halt, cease, discontinue, end, pause",relation
killed in,"die in, pass away, perish in, lose life",relation
perpetuated,"keep going, maintain, sustain, prolong, preserve",relation
after,"subsequently, following, next",relation
were arrested in,"detain in, capture in, apprehend in",relation
prevented,"stop, block, hinder, avert, inhibit",relation
made in,"manufactured in, produced in, originated in, crafted in, built in",relation
includes,"contain, comprise, encompass, consist of, involve",relation
has tenure during,"hold office, serve during, tenure period",relation
delivered,"hand over, bring, transfer, send, convey",relation
turned into,"transform into, change into, convert to, become, transition to",relation
located in,"situated in, found in, placed in, reside in",relation
contained in,"belong to, be inside, reside in, fall under",relation
takes place at,"occur at, happen at, be held at, located at",relation
authored,"wrote, created, composed, produced",relation
consists of,"comprise, contain, include, compose, encompass",relation
addressed,"spoken to, directed at, spoke to, talked to",relation
sounded,"emitted sound, produced noise, generated sound, made a noise",relation
depicted,"show, portray, represent, illustrate, picture",relation
attempted,"try, endeavor, make an effort, strive",relation
