"concept_id:ID","name",":LABEL"
"1d379916e47008bf5dc2c1549a47854cd2eb40291646c83a2ba1d54d25e694f7","satire","Concept"
"3ece65a316ebfc01e04eff17622fcc884e32f1570ed938782f9b7ac2e345db24","broadcaster","Concept"
"1157701535f4e651608199491d7493ae418679569f4837434cb9ee6ddcacb17d","actor","Concept"
"3caf83328954edba3dbfa00e2fcb9e5be5647514a30b2831ec2435bcf08ea725","text","Concept"
"ad254d23eb4605ec82120ac71eb8e0618eafb285f8178aac7b9fadd9c023f8cd","date","Concept"
"f3e32b535c8a53d7d07c66a839b30fcfc33221aefc895ae6ad9100f8a74cdf6b","rebel","Concept"
"19a3d537f2b31bd0a0e7c3fb5e8a0800be499551aa35672e95d2d0e66f2d74a4","economic indicator","Concept"
"a7c6fe961a9ae1c05bfa56c90fd0bba7f8247d5b3dca03bfa3ae7c610d1e8678","political action","Concept"
"a537b1fe057dfd8cb9b4003fe83768acd98b50b74b0cfaf798fbaa428fb4c887","apprehension","Concept"
"f7f88c214865a56e6cc0d3895b4b02e2d8e7cbfa79da1560a027d74d0c3bb584","political communication","Concept"
"757c6c8c7f8d058b4b53fe79623159c0c9e8839429cf32ffad278ced4ceedfe9","crisis","Concept"
"2e7f196feb6510c97936052d0d8de3a445c2a617196e2868c40f09f0b9ee2f4e","rebel force","Concept"
"44480aefd9c0c8496f8e39c567e8094d9039cd01d12fded33f18eb513922b3eb","show","Concept"
"73f6631e24b3408c8e41c9f077363549586f963b8e5a3ef806e560ddc995ffdc","auto part","Concept"
"ea5a2dcba46bbf772640ac0e82f940185e86fbff4783b3af76bf39b3e0f148a4","fake money","Concept"
"d8e50a2f7a3df13709c714e8b99e5cf5c1aeb7e9715b341fbc145f4a15cbd7af","suspects","Concept"
"d33e0f01ba6ade3d245e4e2b74f746775bf433aae4006e35429695000ae17ad8","traffic stop","Concept"
"69bb07e27736217eb267fadff891e833b2f61a59601d9c55028f884df759249b","network","Concept"
"830d5d837e2005a3ae5330e15d79c46683d151c7bea114fde47fb24fa03fc7ba","theater","Concept"
"7a53708e10807b0330713693ef416e8709dc8d221f2e878ce429498d498f39f9","nationality","Concept"
"954a524f8b361f3cb053f2e617f51e27fdf93462567feca565d3d4aa35b61d77","republic","Concept"
"2b668f5ed6852bb167d2b57274bc77652af10950311f392eeeeecb9b54c89672","governance","Concept"
"48fe8de9a1beca41019adc0a6f239572403caeefbe02ed6a05f96c11c95c634c","trade deficit","Concept"
"15794eb3bd7ceff11c3d3c4ddf4b1ff64bab00ae9e5c0781dae94c6a9a7a511a","media company","Concept"
"dbd8d64656490dab8fb5713c471bdb2343b3d803867ce0def7ddadd9c1d6ae41","city","Concept"
"2b3643f4e18cc15ba6a16c4a9af58b194179b712427e803680fc80b58eee6de0","coalition","Concept"
"75e7115abea30b83e66605904274ac8c8a5a032712bad84b55761db192b959a8","public servant","Concept"
"2a36d723f26072d785ea0d9b724343a45864434622360f7f56406d391a851d56","financial decline","Concept"
"7a87347e310ffeeea3b4ececa3564f294440c5c812040c6a2e613d75543fba77","family","Concept"
"57f8c203cda07a4bfd45cb144b2bd9cd43fdc9a51731efddd50ff95f9e4e83d7","household","Concept"
"6304996af3769b2360205ec662f0599f0b2a90f21a6dd6459a485537860a8767","compartment","Concept"
"a5f43f2cde6479130ad4828dc56e1412c840be7d957070b7a9e08002fb7a3780","department","Concept"
"6381e2e24106d81fa50804921abae0641afa2a58f42904da906b3eb839a6d63a","argument","Concept"
"8970498419308f68b41763089a7d3314a9666f63e086b710347b41add90a886a","bill","Concept"
"e4ffded3141fbdf150982734046638eab6d3c53258bbb7c22be45300d35123d5","conveyance","Concept"
"1f320825feaafd8669af910c977fe848ec802ac0ffe52094bd3bc357938bc23d","national debt","Concept"
"b60af50b3968f2bc5cda0bf083674328e0d451b4ccec0cf52e3fcf26db28beb8","economic decline","Concept"
"8038c3f7575b45b51cdef11e83e634f2d29ba5e248eeb6671a0cbf11dad3ff0e","utterance","Concept"
"b7f6479717954f9d78ed6f762073616927ffb7c123be4619124541a11700b3d4","building","Concept"
"aa918c6c2abfa40133b29a70001cd14ed7c0a038369b2d5eaef32cfda302b750","male","Concept"
"9b99e4fbcdb73874a6453a9a40531041dd5a1fd1002dcdeefe8ac1d28317b4a2","portrait showing","Concept"
"eb151755fba658d2c0bc99bd88844f4819a4b108543d4fd0735aca008b65832e","criticism","Concept"
"bcb8eb9084c964cbbb79264e8c121418c968daea3dfcfb04468563e5cf3d0088","insurgent","Concept"
"fdfb14bb9ccea8876ae9be90e937a28224b5d86af997b259559f29943ca05bde","politics","Concept"
"bba1939f60147bdd91bb0c60d36805b1e652e349c6f0efe2119b974c2bb69291","unrest","Concept"
"046cc003f1d119a1eb32ae2577fab493540dceb36a62616e857344b2a5d5c466","disagreement","Concept"
"f6c33ae3e21d911d9159f64528bcbb651309d1b270b30f38a738b4f0bcf17e4b","capital","Concept"
"a6ec02691846004eca5fab16f555520d4667ae21b7982e9bddedc012be8a8c86","macroeconomic issue","Concept"
"aac8de1569171e163039f2efd1a6f324113afe7eac123efd4b07eca4dd8807e7","tone","Concept"
"e9b52e83a2497e9656a7b6030ddf5175d54c4f991cacebd04f074ae42e103c3e","person","Concept"
"534b4d2518227e012da93b04b74d74c4bb437a1f842c4557ccdba735cf2a089d","initiative","Concept"
"427d247b36c715d3ba8b3de37b1e94d567576fe214335c377e3b8b76bae4dc68","comedian","Concept"
"1793a338d883c3174628bda41de1c40a8956e795406ae9749865b818f1b40784","operation","Concept"
"988ebf0465a27ce12048bac8596b0b2253437a469a08e236834665ca57c24d48","population","Concept"
"171c17856fdc5802b4d352fe1bc9f71bcd7c41bb7fb85372887f14b24d9e05dc","vehicle","Concept"
"0e24d73d6485bd17eb22d7c9ca8c94f62717b3054314460210405dfdbaba6928","municipality","Concept"
"fb82d23868c646fba8352b0f4787e8ec7097dd4938035578be5e0d159830e71a","nation","Concept"
"d3ee6988325b9eb9b8c0767bab0d0fac0168c7eeb7e9b2c4f05e85727cc5d4ba","visual art","Concept"
"e26a2f1966db3d4c49cb3078a3ce86ce339eb9a3bb15bce0bf167ea5a60de27c","cultural event","Concept"
"deb39de3961fef15239396bc04342cb654ccd4876c4da7b08bf17d055c258386","intervention","Concept"
"9d077e579af11e3999e6318169e7abce4af56af75e59c069f4111a4a5d4185cb","belonging","Concept"
"600549dd7a0f7152ec80ae60bad51b49a9cb390ab8f8eb275c98324957de3fe2","leader","Concept"
"275b710570d05cda49edf922a7dcf7f76d212c43aacffe56d61fc1a57cb6e3dd","talk","Concept"
"892a3ff67ec0577bd83e68ddb6ba9fea1f6d5dc49d4ea4b67eab27c3bbb07a58","administrative division","Concept"
"10871205e6b42f3214fc068b7981ecb0abae928f34976422283bd2af2d42a806","debt increase","Concept"
"e6ad57b352a52488d25293d7238bdb868595b1a4e9b91e3fd498c29d48a3a677","debate","Concept"
"3aef5e8cb218cd8149d031dd5f0e72352d880c0c620f95bc390600f8d3ee9932","authority","Concept"
"60f6af3c25c060d1562697d635957c8ca52f6d8f6d910fa2dc6fff3386da9780","financial term","Concept"
"ff2eca9546d25add9253aedc36a3d447c467c7b8f59039c86711cec549cdc763","arrest","Concept"
"14230b986b63c48e6da41ec193f91419c55036a684ba95127212240d2b8e68fb","ideal","Concept"
"ec528e8f277b8d2470c458fd52b3f270101356f33af085dfe8f7c65d7f68eb1e","policy impact","Concept"
"7d6b6c58ae89af28b61ecd48c362457d7dc3ae54ac955dbe50c2324b13d072d4","cultural center","Concept"
"08e948125e2418bb8a4a782a4b3b7359e84a49b100ebbacddb722c8b131c880d","procedure","Concept"
"7a2df3d9bbe624280bb976bf4e46324a009999a15d11dae90af24092023e77b1","media control","Concept"
"dbd581fdbb85696c1b3307d1e2446255f6dd13867087aee8a8b5d7ce37cb828d","investigation","Concept"
"f9e7332594b0bad22cde586c8f20976eb7898b56dc8bb2977292ec240ccb49cd","president","Concept"
"4a37551ec3ba3cabfb3da179ba2dc19df6b99a44af2c9800702a34566d7bb248","province","Concept"
"de8ddbe7c84a468baf398e9ae4ba3a2feb44c9b16ff7c4892ad038d78f5b971b","political event","Concept"
"3c4ef55429981cd7373599f593105383c881549298e10b5edc498ecaf8a219fa","legislator","Concept"
"02901ed8f8f7cfba66c549c59a28af1a1242620df88f83ebebb5747de29637c0","seizure","Concept"
"f85b5d9a35c23892a7ca45cdff353baf28a7d97cae3a57dc8473786a76f83a5a","system","Concept"
"d792ff425c50b0baccc006e4edbc0d5d47f2685c3c3f90ef07b697655b0e8de5","police operation","Concept"
"427c514789648ccddf260d15609666bfe8dee956f86f1fcbe8af790447e92c35","public speaking","Concept"
"a2a244fd502a15c65d94975e20c1dcdbce5c7de7119c36566cde8c1fa3c28408","lecture","Concept"
"6b7301a82c7fc9555b7f1d2240a082954c9e4f8aa27cb0af5ba13907d0347b26","deficit","Concept"
"31bcba040122d1f1de3bcc02023a1429c4762f2924bdb6b899aab09442c40c03","metric","Concept"
"ff69cdf19b7d7746cb40d918a1d5cb97c106e9d3ff6a7cd10c61c7342f9adb51","police action","Concept"
"420d6aed65f3d7122b929a69bbdd10d0cff4386606ba83f2ceae2d0d472c7803","phrase","Concept"
"98b4336d79d236535e374a9198b4f10ca081636996876ee0b0985c2f81ce33db","protest","Concept"
"f0bcaa1698a50e1c8c24c16665121ac92bb3e443c7f2d14d7762043c754a52c5","inclusion","Concept"
"6a279d0082e2d80161dc181c86422d532b685e29a8dfadbe42d9beae77d5d13f","body","Concept"
"b292db3256114389cc6269a3625686f0f7bd6782ce17b3d6c2d5f860bb24e2df","state of mind","Concept"
"657d39d8b5bcd00bfb357c3af3f39cc16d8f8d03d2b3d627cc7b8617892396b0","feeling","Concept"
"c107e2af7fcb43440c2577e433d206fbd8157cdd1071b9b3db9798f341e9ec5f","travel","Concept"
"9af201fb2b5f7fd64a20f36cfa961785c91d1c3a5183ed45040f94cba98c374f","association","Concept"
"c55780c3ab32e694e156d6cf8c11922b83e4b3d8bcb22d65c95433046ca5b0bb","budget","Concept"
"ed001e3789290fac5a8b0d091a2f549704624ba078867b841e54e3fff45a1f1a","town","Concept"
"9b4fd217414b02a86d7806d474b0ad7f22ec72e98b4f786d166d68a7327d018f","government official","Concept"
"59f7842e050a8fe13a7793dea496c656e892a4c6fe4b108db98fcd15ea37832a","economic problem","Concept"
"297d97d495fedc2f67a04a14eb057d26ec0a3b7d50a577d5b884a2c9d17a4f0a","counterfeit money","Concept"
"60d38da716d9497d298cfc80d98c373cc1bdce96920e058de14edd9a54323af0","currency","Concept"
"8cd02de9c83c78c596d7f9c56bbe7d06eb2aff6f55ea8137aff4615744804360","activity","Concept"
"de43418876ebd131357e98eb899ed88428aef4c4214e29e712394c6725937291","day","Concept"
"a5cdb6a789324e09ea4aca7616f2836a7cdec90e27ac05081dc7d652c50bbf39","news agency","Concept"
"14023e07cf099a50f35a92cde796cc17452fd84f767ed74864fd8c5398214b4b","human beings","Concept"
"872b67d8d9fc21dee7c816f8e5fe5eda8e6e621fabca30e1796243dc2a0c0e22","program","Concept"
"5a98451174b64d8a46b07794240d50ba40d33dc999601dbefba060a68d1fce1e","television station","Concept"
"db1f1622b58114a4c70c8c83a97260c091b7ca2b6c9be348322b64c3bb50a446","gallery opening","Concept"
"0e23f952c89b72e9f676d581d66f7533543feabd5ebbbb3cf395590c959791e1","discovery","Concept"
"ddbd7f34bc1dcd9bd50aeade482edfc2458c0ae185f42e252eefc98747c7cb98","settlement","Concept"
"a4559dc40fbd846b8b0b00daf9ab6738dbc65457dcdbc81e650f3bd138157675","policy decision","Concept"
"9d24b9b56d45289a2f95873ba6df27058c3eedef8b3c3c37555c70ed30a2ac09","publisher","Concept"
"ee84cebf72890f69c4e5a4328ea788f614c8ade244ab086e0826e00cf187bc2b","region","Concept"
"972affb50b73af2c6f0e355eabf0d3b0bdbb29d79b5a6f5e7059cca0003b5591","business","Concept"
"cf2f0f7abcced02c274a6ed1e28a5bcd1d82fa3c3e0abc94fff70de118e719f8","sovereign state","Concept"
"f40d2ba40494c39d90e673688bbd1c5242ab60ccd87288cc180d5cad489844d9","time","Concept"
"2c9340f5cc1cc7d6a9674110809981886d85ac69f5bcc960a640e1ed77f90214","bills","Concept"
"85f86537c600d8bdb79b72fc18ecdb638b9ebb2a2fad8fd37f9efa6c66affa6d","symbol","Concept"
"de612cd0b11ef8cf67a5f3de359a5721be9c1488f4223c598f20e84699a80dd8","address","Concept"
"296a3c8cf6b9572787de8d98aba220e313e1de8bcc4dd7fbe236c998bea2702c","stopping","Concept"
"277915dda048fc9207f6c6201c38bd9ee03bfeb0c5ddc237cedee76ed546d947","information suppression","Concept"
"23befcfda0329a979a382761435f76d6ecdc0adb9bce2d77ff144790c5ef64a9","social commentary","Concept"
"2617435b76a55b7b021985cc747f4244277e3ceb13c726c05b833795e4aa4df0","art","Concept"
"fb3a0dfa14c7216f49ddfffdea89320f13b37e36c56807c0fd3a66f49dca41c5","theory","Concept"
"b96cb1c1003e41e5d515745df5e20bb40023f31af694d8c0138f22cc27868b40","document","Concept"
"ee5d79982615eff6e54e12a0562f0cf995c8ab46da805f5e66cb96f5000552df","force","Concept"
"c0802836de158d0c66869fd7497ea4de72a6774fc169b2d9ff61fcb97afd3b6e","art display","Concept"
"d95bf4470024539f6d91fc38eadfa657d602bbf992a25986f2f9e87d8e056ea8","presentation","Concept"
"5ee1b9f6052c5b0499de85dad81f2903a58e13bdf2ce97f2f0934b80277bfc86","indecision","Concept"
"9cc3dc2dd3eaf4328476e8ca59a6ee804e0e9728684df57b24d87a718d835b77","accusation","Concept"
"83b7f78fb760b8f28cb3fc736f2f24aa1ffcab9df8d3b8475280f02ca092f0e0","geography","Concept"
"97de295f744f6bc942fbbd0924bdd4711c4a0be00f83b1bdd13c50898bef5027","optimism","Concept"
"c61616245c7a5c5786ab7d9be859d54b62cb393994b52b02e23c98aa24e240c9","emotion","Concept"
"ea6a22eaf948a2a325b3b3a09a73f146bd90fbbbf003bcb687e32e3a1d74b4ce","sketch","Concept"
"1aa70037b514a74004bab904736171a73d8f311e86e55c52e86fbddf001371db","organization","Concept"
"33b09583db022cd2f8765441fecd0830334b8b6215f79adbe69dd260215966f7","occupation","Concept"
"623d943f02f3d37585bdcc341b62bccee0fb8532cf72c5e155748fa1ed4734da","regional issue","Concept"
"dbb0cb9c5991f8ec800459dd0801dee0f2083ac115640540c7772bae35bdb82e","news reporting","Concept"
"0e07760cdb870363e29e7a8b556c061a86171d4541b83046091e08dbac4402ba","economic shift","Concept"
"e51617c4d937303ef7f6aad5f7b68f03d747067536207cc7eb2b3ded47ccfb71","event","Concept"
"a32fe3d9f7471a29f9b1a8f0f72c77c874508e4681a4b7eef616a24758c7d010","storage","Concept"
"09077c0520b4cf9ba28ae9461b29a399a85d1ec0cbdaaa7d0e75cd9e08374fdb","rejection","Concept"
"dc78e928ffdbff2b846fb46a8593201b9c604fb02983d740eae644c4299c7de3","financial crisis","Concept"
"181bf2f480723618cb3b3b26a8807bb2c8918462937dd4c5eaa6b39a826a9285","political dispute","Concept"
"4f5424bdb123965202d4a9ba583076ed6eb008d7af0181c6df1c198bd7aa8729","commune","Concept"
"0d1a15ffdf62b75b0e2f9924bdbb70c133af0d07aaad23f5e4059c3bda2864d0","celebrity","Concept"
"35c996ac6aa3f7c2d35b1bca213ef0eaf56ac50baa7c3a79f12ce8131d0a0cf8","destination","Concept"
"39d54b38dc3a765466c376424437b23f0f0a5e45768280089445a46bc3184beb","attitude","Concept"
"4f66e9989a536412978c1ac7f402b22bc87c717969aa896f23713be93024762a","action","Concept"
"1484edf1ed9bf5a72c03a8248d335b664bc6f3a62b4dd653731306def61b878e","painting","Concept"
"e30d8c1be96e0787909556ab6c0dddf2992e939edefa3ffce1c7e114c591742f","voice","Concept"
"b8df84773380e73b58b53d989dc2cac41fce9663b1ddd3219c6a18c99cf4e65d","branch","Concept"
"cc2459a768fed8b7225f438ccfe6e10813e81befaf57e236a2a48a282313ce57","institution","Concept"
"9dd205cbebfd6928254bd41bd081cbc20a8430631665269886501581e1427c38","public event","Concept"
"e5f30325630c7f5e084ab52065ab07b5b092f3c9cbd7b15ef70fd17a484656c5","tribute","Concept"
"b4f3032f2a32bb6f497c0e64da2216472ab70dab9cd982c00bbc9e7e19b1e061","video","Concept"
"3071c8f6d908daa88aa0286c08ca7502784015c4f5baf9f28846f7e3dc7faf28","photograph","Concept"
"7b3358b1811c063cdec19390794a2dc8e4795c856ea851c8759a472943d2902d","conflict","Concept"
"77511dbb8280c416abbe225888b31fa0f3895edcd645c553094a17bb7570cbd1","rhetoric","Concept"
"eff08b641e2487622ad168f1777f99e5251111877768db204c5ef4705e2c64b3","mission","Concept"
"d8bcf1af7838d8e5243e3f0017ec4d830a7e034f1f5e30c02cdf7a55150c1eb8","venue","Concept"
"9dba72ec51c28bfefb94c1ccb0620cd653ae5aa2d181a4d4228c909befba98ff","declaration","Concept"
"c8dae07e4791d16ff6f10e64fdd720eb556b1bcca72db67b393a90067663a524","legal action","Concept"
"676436eca3db62e6e3449712f629c0ca810d18adc2a8ad09e1498a89954971f0","place","Concept"
"5836d94bfab8fd9b6fdbba23e818cd4d1d25fcbda1e3b1c342ad10764674aee4","vehicle part","Concept"
"fba242bef21f119425e8269e368fbfa63ea420269d8413435caf2e5b1fc12c1c","detainment","Concept"
"d3893e56a6f6874d0657bafb529615aa02292017f10a47fb86d644522f6a5d6e","industry","Concept"
"a2faa363820c9c48de3cd816fa4ade7abf1e1e622417b9d8db73c3016d6403cd","claim","Concept"
"f370458563c913398bb4b652fd8725993ef1ba41fe11fcd5cdbe84d183bebe0d","economic imbalance","Concept"
"d02a84fcdee94abd5854542c329ee8be1115bb37aa9c2590e926c4d4ebbf0422","historical discussion","Concept"
"cfa55ea8a816183be35e3d42127f65e2dc92e286bd0cfd6f0ac7807e722d993a","remembrance","Concept"
"15bc86635ac835ad1fc2b299ce600b54f21d4db2ddc91fbaa3a94634fa3e3780","broadcast","Concept"
"f4174fb065ed74cf838cfe8074ddeca03829541559dc76a3b60888f0f72bf1e7","individuals","Concept"
"c97c27e71afa972b627f99df89f04bd1b6929ea07de86b4344b7ecdb22287044","political conflict","Concept"
"29425870563237976b27a001c832d4d10fe7bcb8514c322eff942d59a34698ae","censorship","Concept"
"98c913f7f4b4254679028122f2c7311db6e74d213453c70a86378af6b787ee0d","job","Concept"
"17403e88c8a373acc3e3fcfaaa5a45feb4e689f23787b3fc3b6045e783c23c62","financial problem","Concept"
"29cfa0dce2e35a4c380bc37c0a45fd075ddd30f840e04730dbca34f7945d9a71","militia","Concept"
"13fa446b7c2d31d84d6b338132cd0e98772092a7717aec2802f94dae8893aeb8","man","Concept"
"c1b712c09bc7e04ffb3d93776937cc952bebb5e2b94099279fd8a2b98c7cd468","automobile","Concept"
"e9f2a00c5e42201f518883a443083a5c08eaf62a5d60115b9006e05bf667f988","law enforcement","Concept"
"65753e618c189b92b6962063b4f4ee66b5111b85f084bcb7fd52ff6d2dab33b2","property","Concept"
"5c03f7f1cf781bad2de19d84047e558125b3f4dd992ae36d3088bd06c39ef4d8","bogus bills","Concept"
"2b09d4a0d5e627b2c5844ffc0d25439363aa6040d8aee455549faddcd7fa40b1","profession","Concept"
"4e9a84432efb33e214042f61423101d54680ed416952c8f93540eb41ba6aeecd","policy conflict","Concept"
"847bd91f49c5578452b1aed2f33c622414eaaf1e2f98f8cd840d163508d697fc","calling","Concept"
"7662b427409343b17a125e8b96d4919524a472f51ec3ce3e713ac7128ced7884","speech","Concept"
"c648716e61908fc141005e6f77aba88dc60356846dd5bb9447c87a938e332db9","public criticism","Concept"
"04001dffd9c7e3d6653726155361ce835e25724e1a722c87f742d805593f9fab","machine","Concept"
"d7705fcc4b5949b554f0474d9f309279a4a0d86e9cfcc2d6291980ed5ad91081","political situation","Concept"
"de7caeebd9e5cef572bcde4a7dc7fb589307c9321d29f0df093732ac47b52685","human","Concept"
"83f3b05659b1f63a829ec68723e78bd9c61183d6391bae93fda47041806f0c87","communication","Concept"
"4311d817b774a741b72c7e895898aa444b6bee98ee6fe8cb75aa33fb37017483","representative","Concept"
"c2b5cd57fa1b73e18a32ff8a3996f3c0c1fccccdecc3420ee2cc32abd3e1d014","politician","Concept"
"7e79fa0a5c152974b09ebb2b74517db1f4fbeb8622dfeb160572c25dc4061012","evidence","Concept"
"6a1abaee733ca3b76cd37dbd80737e75bbd1c313b30f47ea7b3f2153c0076ec0","congressional action","Concept"
"3ab4c0ab30db024130b712066163f480c102642a6a325154618a217a6648da2b","economy","Concept"
"a36a4b61afcf1c97c67c31d24b61228981eaf7aab5a15aa5bca7bed8792f0641","finance","Concept"
"45507068a2cde7129a2ced1e37d193f6fc1dfd2335c8ea74051b968f28fe4e69","militant","Concept"
"0236b31ce6f519ffd7f9316983870459ae8ce7d8d7d1d0b7ad26d3b8a5aa3c60","exhibition","Concept"
"2b58eb1a9d208b30a7245fd28b2d898aaa070c7fb429dbb164ded35c8cc01c13","official","Concept"
"6493f8d39192082fa9d3f96dbf5e0d79612c09d7f20261109baf9e34eec08c0d","location","Concept"
"5217a8f9a8f156216923e1e1191edd1675a4819f2347a93285c2290893b9973c","art show","Concept"
"a0c64d4455bf47ba173be521743cab4384cef6f03cfe704b32ce9b9409c75a78","transport","Concept"
"be407ff4831912e311f9307d2e8a4e9dcf8b1536630ee85bab3fb876728a7e24","policy","Concept"
"43f7d8bc66fd3b08afe50fa05208f6d81270e86643f571f872b97c612a4b9c89","political debate","Concept"
"946c58826e9d866f2c7e0458cf6fcac9ea30397493fcc867adf87f1e2f40ed45","work","Concept"
"7c4c46234a0794aeed7858a77e90b3648eff198437306f5b730de42606a45e7e","individual","Concept"
"774ea1f02ebdbea3d8e825b393a25f7e225902c905e9666a8b87f81b3c0844aa","statement","Concept"
"ef6e935f50b1b623c552d7d3aaf62f12bdbe6630650aa1c9c0819b4fd2daf74c","land","Concept"
"803d5ac1396f9738d129ff787078a24c20c4dfbfd10ba25bfacb342798bd5a58","television rejection","Concept"
"1d6bc95b3454479e81658d4f40510128e46c0a698d4f162208edcfa783b48906","legislative process","Concept"
"763f7692e79559341e6321ebc1ff6ccbd1d474e4cbdb271903988e594b22615e","memorial","Concept"
"f7d5391b6fe1debea3868606e79b62dee068e95062e06cf841287e7c72be5c03","territory","Concept"
"1edbd7d31e20836f31f4e1d4883ed312c3dd695917a7d3bec9c83008db82fc9f","policy debate","Concept"
"2bad505c3fbb8cbb85ecc6cfcea50bdbd39ca620921925211cfd98ec2ae8ee21","sound","Concept"
"6f924a4364c8f9c85fb42cc76364af837ec08f97f6b7a7b0143220af943e9611","agency","Concept"
"361a941cea518da2978f6d06295aad6177eb308aa7216c4247fb6a76fc0284dd","legislature","Concept"
"e12a6e7d586843f1de1647b70eb7125778367130b31563a63dd1f73c3d1cb45b","arguing","Concept"
"cf1ac02fc1dbc5b8cb2b25553aa43e6d76e05a6087a955a313e12416024f9969","container","Concept"
"0e51d8e37bc6539181d250d6ca3d95635c68d6a1231af1b98bc567965f90fcac","counterfeiting","Concept"
"af8ea05e0db7511525c663a46a8d7f3d6c122e6735620799e5d0e0879197c3e0","people","Concept"
"fc7fdeb092a44540c7af8d29fd7cf77c2cedd25a64ee4a00e2c34c43a63c7cfa","aid","Concept"
"13b8969c479661d25b0b223b24de224d198ce2b2948c2906b57960b385a3aa91","employee","Concept"
"5d92668a903a0a88da25ec735eceda84578e615e4ae846f23f59cc7e10153781","ethnic group","Concept"
"b6a6e87096d0e46e86ff3b158b39516884b47203b42e1c9b353497803bdfa3ef","display","Concept"
"555e321793e633ee98010c22dec04c4f07571e44555e7ca2d14d5eb5d513fdc7","suppression","Concept"
"cef52c9d66d5b896b762eb568ab4fd9ba7e108b6f48446f48954e2940e632196","escalation","Concept"
"62fa7e40cdaa4d85e5849c7e725fc68ca417d77b9210463dd09d6f8ecf3aabbc","vehicle inspection","Concept"
"952fe6a255f6b9d62597139633908870b11ca5458ee24adb46661930300396e6","crime","Concept"
"d1726146484d9c07aac1bbca034130219c5c35567b972340491f2ba94a9a3ab7","state","Concept"
"3b5b0ff4b0595b8a621ed4e6e35f35c8fa788db922a1522c21cc53640558c18c","psychological state","Concept"
"abdb0de3c072f2e4ce9804e3705c928dbd07caeb25cdf216168f8f208c47652e","cash","Concept"
"6f20d75c5214f5e94139d9a465cd378be2ee18576ecfd049b24a06ade392959e","geographic area","Concept"
"cb1bc4d47bd09981faffe508a18d81a1f7dbabc3f9ba09c35e2a8ed41f07a613","country","Concept"
"8bab6666b08d49947b848b4a5c92b860d7551318f70bc6eadde3e17c63bc0108","government","Concept"
"e1cf82c5bada6ee9046a116dd1f21fd30aec83f14f34a693dd6ca7eae62e0256","area","Concept"
"4545fe330a0478c1484527829a88056c84b2b1d2fd2be214fced424462b6ece5","political satire","Concept"
"f548ec3c8e426a9b7cab2c7684eb8d9687f0a9aa307b13fe501fb5069ece1b92","geographic location","Concept"
"bd2088bc2a34a1e55b636082e477d9ef43bc68773d8b399f0fe030073364a2bc","comedy","Concept"
"6cffce8e22f4f081365768ceb83c6e0adfa99a243a0343f2dc51140e152139d6","group","Concept"
"d9f4dbfb946e5fabb498c0ca6903412484fd9fcf47d705ba3f37f62559cb0093","media","Concept"
"b14ae520879421967118a3abdbec6d11726cbe4720ec1498fc1e1fed2d17ce82","money","Concept"
"37e81723c53ab4b154d9d2be0da8322a0537ed415b39fea4d361b39e2bc371f7","performance","Concept"
"99941545c9e4e390bc7029c78719c0955ae46c9cbfd16193d3f0cadc29a26ddf","model","Concept"
"f000988decce4a1c37201c5560926fd368c8d805f458408004dc929a701ef35b","controversy","Concept"
"ee2332f38fa2dc1f3ebdc4dd3126f63cdcca678528037ace7604c0e0786ad73e","political omission","Concept"
"101e85a7dcd45012be51280d29bfd96a459b7f197177d20a2c1a45fb786f9cce","company","Concept"
"d31e385cef2e62d4eba2a0255f195e5e982054aa587f646accc48bd9150e7e24","metaphor","Concept"
"ca1bf3830c3c8fbc931625384c1e45a547960323c9d2ca38682c2651092049b1","concept","Concept"
"c62815c98bd65929f99e899b2bbac104fbe6c4e09f530654b679add223c61b78","uprising","Concept"
"03213728a322eb066c314bb37dfba1b5a1eac797a00f8a13392a48b9fde1e5af","artwork","Concept"
"36ab9cf1a664dceaf11948ff5989281c3476d986af6f459594e7199679f1f5dd","worker","Concept"
"e6db6b8ba72fb4619513ad8cd88c63177dd91ae8e74132ccc52457a47abeba84","service","Concept"
