":START_ID",":END_ID","relation","concepts","synsets",":TYPE"
"Israel television","skit","rejected","['turn down', 'refuse', 'dismiss', 'decline']","[]","Relation"
"Tuvia Tzafir","skit","authored","['created', 'wrote', 'composed', 'produced']","[]","Relation"
"skit","public apathy","attacked","['assault', 'combat', 'engage', 'strike', 'hit']","[]","Relation"
"skit","Israeli family","depicted","['represent', 'illustrate', 'portray', 'picture', 'show']","[]","Relation"
"Comedian Tuvia Tzafir created a skit attacking public apathy by depicting an Israeli family watching TV while a fire raged outside","Israel television rejected a skit by comedian Tuvia Tzafir","before","['prior to', 'earlier', 'preceding']","[]","Relation"
"Israel television rejected a skit by comedian Tuvia Tzafir","Comedian Tuvia Tzafir created a skit attacking public apathy by depicting an Israeli family watching TV while a fire raged outside","after","['subsequently', 'next', 'following']","[]","Relation"
"Israel television rejected a skit by comedian Tuvia Tzafir that attacked public apathy by depicting an Israeli family watching TV while a fire raged outside.","Israel television","is participated by","['include', 'contain', 'involve']","[]","Relation"
"Israel television rejected a skit by comedian Tuvia Tzafir that attacked public apathy by depicting an Israeli family watching TV while a fire raged outside.","Tuvia Tzafir","is participated by","['include', 'contain', 'involve']","[]","Relation"
"Israel television rejected a skit by comedian Tuvia Tzafir that attacked public apathy by depicting an Israeli family watching TV while a fire raged outside.","Israeli family","is participated by","['include', 'contain', 'involve']","[]","Relation"
"art exhibit","Hakawati Theatre","takes place at","['occur at', 'be held at', 'happen at', 'located at']","[]","Relation"
"Hakawati Theatre","Arab east Jerusalem","located in","['found in', 'situated in', 'reside in', 'placed in']","[]","Relation"
"art exhibit","portraits","consists of","['comprise', 'compose', 'encompass', 'include', 'contain']","[]","Relation"
"portraits","Palestinians","depict","['represent', 'illustrate', 'portray', 'show', 'picture']","[]","Relation"
"Palestinians","rebellion","killed in","['pass away', 'die in', 'lose life', 'perish in']","[]","Relation"
"An art exhibit opened at the Hakawati Theatre in Arab east Jerusalem","The exhibit featured a series of portraits of Palestinians killed in the rebellion","before","['prior to', 'earlier', 'preceding']","[]","Relation"
"An art exhibit at the Hakawati Theatre in Arab east Jerusalem was a series of portraits of Palestinians killed in the rebellion.","Hakawati Theatre","is participated by","['include', 'contain', 'involve']","[]","Relation"
"An art exhibit at the Hakawati Theatre in Arab east Jerusalem was a series of portraits of Palestinians killed in the rebellion.","Arab east Jerusalem","is participated by","['include', 'contain', 'involve']","[]","Relation"
"An art exhibit at the Hakawati Theatre in Arab east Jerusalem was a series of portraits of Palestinians killed in the rebellion.","Palestinians","is participated by","['include', 'contain', 'involve']","[]","Relation"
"PERUGIA","Italy","is located in","['placed in', 'found in', 'lie in', 'be situated in', 'reside in']","[]","Relation"
"Associated Press","PERUGIA","reports from","['origin', 'feedback', 'source']","[]","Relation"
"PERUGIA, Italy","PERUGIA","is participated by","['include', 'contain', 'involve']","[]","Relation"
"PERUGIA, Italy","Italy","is participated by","['include', 'contain', 'involve']","[]","Relation"
"PERUGIA, Italy","AP","is participated by","['include', 'contain', 'involve']","[]","Relation"
"five people","Perugia","were arrested in","['capture in', 'detain in', 'apprehend in']","[]","Relation"
"Perugia","Umbria province","is in","['situated in', 'reside in', 'located in', 'exist in']","[]","Relation"
"police","car","stopped","['halt', 'discontinue', 'pause', 'end', 'cease']","[]","Relation"
"car","trunk","contained in","['belong to', 'fall under', 'reside in', 'be inside']","[]","Relation"
"trunk","bogus bills","contained","['comprise', 'feature', 'encompass', 'include', 'hold']","[]","Relation"
"Police stopped their car","Five people were arrested there Tuesday night","before","['prior to', 'earlier', 'preceding']","[]","Relation"
"Police found $1 million in bogus bills in the trunk","Five people were arrested there Tuesday night","as a result","['consequence', 'outcome', 'effect', 'result']","[]","Relation"
"Officials in Perugia in Umbria province said five people were arrested there Tuesday night.","Officials","is participated by","['include', 'contain', 'involve']","[]","Relation"
"Officials in Perugia in Umbria province said five people were arrested there Tuesday night.","Perugia","is participated by","['include', 'contain', 'involve']","[]","Relation"
"Officials in Perugia in Umbria province said five people were arrested there Tuesday night.","Umbria province","is participated by","['include', 'contain', 'involve']","[]","Relation"
"Officials in Perugia in Umbria province said five people were arrested there Tuesday night.","five people","is participated by","['include', 'contain', 'involve']","[]","Relation"
"Officials in Perugia in Umbria province said five people were arrested there Tuesday night.","police","is participated by","['include', 'contain', 'involve']","[]","Relation"
"Police stopped their car and found $1 million in bogus bills in the trunk.","police","is participated by","['include', 'contain', 'involve']","[]","Relation"
"Police stopped their car and found $1 million in bogus bills in the trunk.","their car","is participated by","['include', 'contain', 'involve']","[]","Relation"
"Police stopped their car and found $1 million in bogus bills in the trunk.","$1 million in bogus bills","is participated by","['include', 'contain', 'involve']","[]","Relation"
"Police stopped their car and found $1 million in bogus bills in the trunk.","the trunk","is participated by","['include', 'contain', 'involve']","[]","Relation"
"operation","police","involved","['associated', 'engaged', 'partake', 'linked', 'connected']","[]","Relation"
"police","Umbria province","operated in","['active in', 'operate within', 'work in', 'function in']","[]","Relation"
"police","Lazio province","operated in","['active in', 'operate within', 'work in', 'function in']","[]","Relation"
"police","Campania province","operated in","['active in', 'operate within', 'work in', 'function in']","[]","Relation"
"The ANSA news agency said the operation involved police in Umbria and Lazio provinces in central Italy and Campania province in the south, without specifying exact arrest locations.","ANSA news agency","is participated by","['include', 'contain', 'involve']","[]","Relation"
"The ANSA news agency said the operation involved police in Umbria and Lazio provinces in central Italy and Campania province in the south, without specifying exact arrest locations.","police","is participated by","['include', 'contain', 'involve']","[]","Relation"
"The ANSA news agency said the operation involved police in Umbria and Lazio provinces in central Italy and Campania province in the south, without specifying exact arrest locations.","Umbria","is participated by","['include', 'contain', 'involve']","[]","Relation"
"The ANSA news agency said the operation involved police in Umbria and Lazio provinces in central Italy and Campania province in the south, without specifying exact arrest locations.","Lazio provinces","is participated by","['include', 'contain', 'involve']","[]","Relation"
"The ANSA news agency said the operation involved police in Umbria and Lazio provinces in central Italy and Campania province in the south, without specifying exact arrest locations.","Campania province","is participated by","['include', 'contain', 'involve']","[]","Relation"
"Rome","Lazio province","is in","['situated in', 'reside in', 'located in', 'exist in']","[]","Relation"
"Naples","Campania","is in","['situated in', 'reside in', 'located in', 'exist in']","[]","Relation"
"Rome is in Lazio province","Rome","is participated by","['include', 'contain', 'involve']","[]","Relation"
"Rome is in Lazio province","Lazio province","is participated by","['include', 'contain', 'involve']","[]","Relation"
"Naples is in Campania","Naples","is participated by","['include', 'contain', 'involve']","[]","Relation"
"Naples is in Campania","Campania","is participated by","['include', 'contain', 'involve']","[]","Relation"
"Reagan","notes","sounded","['produced noise', 'emitted sound', 'generated sound', 'made a noise']","[]","Relation"
"Reagan","speeches","made in","['manufactured in', 'crafted in', 'built in', 'originated in', 'produced in']","[]","Relation"
"speeches","career","spanned","['extended', 'lasted', 'covered', 'endured', 'bridged']","[]","Relation"
"America","city upon a hill","imagined as","['viewed as', 'envisioned as', 'conceptualized as', 'pictured as']","[]","Relation"
"Reagan sounded positive notes reminiscent of earlier speeches throughout his political career","Reagan emphasized the pre-eminent position of We the People in the American system","at the same time","['meanwhile', 'concurrently', 'simultaneously']","[]","Relation"
"Reagan sounded positive notes reminiscent of earlier speeches throughout his political career","Reagan","is participated by","['include', 'contain', 'involve']","[]","Relation"
"iron triangle","members of Congress","consists of","['comprise', 'compose', 'encompass', 'include', 'contain']","[]","Relation"
"iron triangle","news media","includes","['comprise', 'encompass', 'involve', 'contain', 'consist of']","[]","Relation"
"iron triangle","special interest groups","includes","['comprise', 'encompass', 'involve', 'contain', 'consist of']","[]","Relation"
"Reagan","speech","delivered","['convey', 'hand over', 'bring', 'send', 'transfer']","[]","Relation"
"speech","political appointees","addressed","['talked to', 'directed at', 'spoken to', 'spoke to']","[]","Relation"
"speech","Washington","occurred in","['take place in', 'happen', 'take place', 'occur', 'happen in']","[]","Relation"
"iron triangle","administration","prevented","['inhibit', 'hinder', 'block', 'avert', 'stop']","[]","Relation"
"administration","federal budget","attempted","['strive', 'endeavor', 'try', 'make an effort']","[]","Relation"
"Reagan gave a speech to political appointees in Washington on Dec. 13","Reagan claimed that the iron triangle had prevented his administration from balancing the federal budget","before","['prior to', 'earlier', 'preceding']","[]","Relation"
"Reagan claimed that the iron triangle had prevented his administration from balancing the federal budget","Reagan gave a speech to political appointees in Washington on Dec. 13","because","['origin', 'reason', 'cause', 'factor', 'due to']","[]","Relation"
"Reagan delivered a speech to political appointees in Washington on Dec. 13.","Reagan","is participated by","['include', 'contain', 'involve']","[]","Relation"
"Reagan delivered a speech to political appointees in Washington on Dec. 13.","political appointees","is participated by","['include', 'contain', 'involve']","[]","Relation"
"Reagan delivered a speech to political appointees in Washington on Dec. 13.","Washington","is participated by","['include', 'contain', 'involve']","[]","Relation"
"Reagan delivered a speech to political appointees in Washington on Dec. 13.","Dec. 13","is participated by","['include', 'contain', 'involve']","[]","Relation"
"Reagan claimed that the iron triangle had prevented his administration from balancing the federal budget.","iron triangle","is participated by","['include', 'contain', 'involve']","[]","Relation"
"Reagan claimed that the iron triangle had prevented his administration from balancing the federal budget.","members of Congress","is participated by","['include', 'contain', 'involve']","[]","Relation"
"Reagan claimed that the iron triangle had prevented his administration from balancing the federal budget.","news media","is participated by","['include', 'contain', 'involve']","[]","Relation"
"Reagan claimed that the iron triangle had prevented his administration from balancing the federal budget.","special interest groups","is participated by","['include', 'contain', 'involve']","[]","Relation"
"Reagan claimed that the iron triangle had prevented his administration from balancing the federal budget.","Reagan","is participated by","['include', 'contain', 'involve']","[]","Relation"
"Reagan claimed that the iron triangle had prevented his administration from balancing the federal budget.","administration","is participated by","['include', 'contain', 'involve']","[]","Relation"
"Reagan claimed that the iron triangle had prevented his administration from balancing the federal budget.","federal budget","is participated by","['include', 'contain', 'involve']","[]","Relation"
"Congress","situation in Central America","perpetuated","['keep going', 'preserve', 'sustain', 'prolong', 'maintain']","[]","Relation"
"program of aid","anti-communist Contra rebels","targeted","['point toward', 'aimed at', 'focus on', 'directed at']","[]","Relation"
"He made a speech at the University of Virginia in Charlottesville on Dec. 16","He argued that Congress had perpetuated a dangerous situation in Central America","before","['prior to', 'earlier', 'preceding']","[]","Relation"
"Congress showed on-again, off-again indecisiveness on his program of aid to the anti-communist Contra rebels","Congress perpetuated a dangerous situation in Central America","as a result","['consequence', 'outcome', 'effect', 'result']","[]","Relation"
"He argued in a speech at the University of Virginia in Charlottesville Dec. 16 that Congress had perpetuated a dangerous situation in Central America by its indecisiveness on his program of aid to the anti-communist Contra rebels.","He","is participated by","['include', 'contain', 'involve']","[]","Relation"
"He argued in a speech at the University of Virginia in Charlottesville Dec. 16 that Congress had perpetuated a dangerous situation in Central America by its indecisiveness on his program of aid to the anti-communist Contra rebels.","Congress","is participated by","['include', 'contain', 'involve']","[]","Relation"
"He argued in a speech at the University of Virginia in Charlottesville Dec. 16 that Congress had perpetuated a dangerous situation in Central America by its indecisiveness on his program of aid to the anti-communist Contra rebels.","anti-communist Contra rebels","is participated by","['include', 'contain', 'involve']","[]","Relation"
"trade deficits","debtor nation","turned into","['transform into', 'change into', 'convert to', 'transition to', 'become']","[]","Relation"
"Reagan","trade deficits","has tenure during","['tenure period', 'hold office', 'serve during']","[]","Relation"
"Reagan's tenure turned America into the world's biggest debtor nation","enormous trade deficits occurred during Reagan's tenure","because","['origin', 'reason', 'cause', 'factor', 'due to']","[]","Relation"
"enormous trade deficits occurred during Reagan's tenure","America turned into the world's biggest debtor nation","as a result","['consequence', 'outcome', 'effect', 'result']","[]","Relation"
"There was no mention at all of the Contras, the arms sales to Iran or the enormous trade deficits that during Reagan's tenure have turned America into the world's biggest debtor nation.","Contras","is participated by","['include', 'contain', 'involve']","[]","Relation"
"There was no mention at all of the Contras, the arms sales to Iran or the enormous trade deficits that during Reagan's tenure have turned America into the world's biggest debtor nation.","Iran","is participated by","['include', 'contain', 'involve']","[]","Relation"
"There was no mention at all of the Contras, the arms sales to Iran or the enormous trade deficits that during Reagan's tenure have turned America into the world's biggest debtor nation.","Reagan","is participated by","['include', 'contain', 'involve']","[]","Relation"
"There was no mention at all of the Contras, the arms sales to Iran or the enormous trade deficits that during Reagan's tenure have turned America into the world's biggest debtor nation.","America","is participated by","['include', 'contain', 'involve']","[]","Relation"
