Name,Type
Palestinians,Entity
situation in Central America,Entity
Contras,Entity
five people,Entity
bogus bills,Entity
speech,Entity
political appointees,Entity
skit,Entity
Lazio province,Entity
Iran,Entity
Umbria,Entity
Rome,Entity
Umbria province,Entity
the trunk,Entity
Campania province,Entity
Lazio provinces,Entity
Officials,Entity
Campania,Entity
iron triangle,Entity
Israel television,Entity
federal budget,Entity
members of Congress,Entity
Dec. 13,Entity
Congress,Entity
rebellion,Entity
news media,Entity
special interest groups,Entity
$1 million in bogus bills,Entity
speeches,Entity
public apathy,Entity
AP,Entity
art exhibit,Entity
car,Entity
Perugia,Entity
Reagan,Entity
debtor nation,Entity
career,Entity
Naples,Entity
Associated Press,Entity
ANSA news agency,Entity
their car,Entity
administration,Entity
Hakawati Theatre,Entity
police,Entity
anti-communist Contra rebels,Entity
city upon a hill,Entity
America,Entity
portraits,Entity
program of aid,Entity
PERUGIA,Entity
trunk,Entity
Washington,Entity
trade deficits,Entity
Israeli family,Entity
operation,Entity
notes,Entity
He,Entity
Arab east Jerusalem,Entity
Italy,Entity
Tuvia Tzafir,Entity
Officials in Perugia in Umbria province said five people were arrested there Tuesday night.,Event
enormous trade deficits occurred during Reagan's tenure,Event
Reagan's tenure turned America into the world's biggest debtor nation,Event
"PERUGIA, Italy",Event
He argued that Congress had perpetuated a dangerous situation in Central America,Event
Police found $1 million in bogus bills in the trunk,Event
An art exhibit at the Hakawati Theatre in Arab east Jerusalem was a series of portraits of Palestinians killed in the rebellion.,Event
An art exhibit opened at the Hakawati Theatre in Arab east Jerusalem,Event
Israel television rejected a skit by comedian Tuvia Tzafir,Event
Rome is in Lazio province,Event
Reagan sounded positive notes reminiscent of earlier speeches throughout his political career,Event
Naples is in Campania,Event
America turned into the world's biggest debtor nation,Event
Police stopped their car,Event
Reagan emphasized the pre-eminent position of We the People in the American system,Event
Five people were arrested there Tuesday night,Event
He made a speech at the University of Virginia in Charlottesville on Dec. 16,Event
Congress perpetuated a dangerous situation in Central America,Event
"There was no mention at all of the Contras, the arms sales to Iran or the enormous trade deficits that during Reagan's tenure have turned America into the world's biggest debtor nation.",Event
Reagan claimed that the iron triangle had prevented his administration from balancing the federal budget.,Event
"The ANSA news agency said the operation involved police in Umbria and Lazio provinces in central Italy and Campania province in the south, without specifying exact arrest locations.",Event
Comedian Tuvia Tzafir created a skit attacking public apathy by depicting an Israeli family watching TV while a fire raged outside,Event
Reagan delivered a speech to political appointees in Washington on Dec. 13.,Event
Reagan claimed that the iron triangle had prevented his administration from balancing the federal budget,Event
The exhibit featured a series of portraits of Palestinians killed in the rebellion,Event
Reagan gave a speech to political appointees in Washington on Dec. 13,Event
Police stopped their car and found $1 million in bogus bills in the trunk.,Event
"Congress showed on-again, off-again indecisiveness on his program of aid to the anti-communist Contra rebels",Event
Israel television rejected a skit by comedian Tuvia Tzafir that attacked public apathy by depicting an Israeli family watching TV while a fire raged outside.,Event
He argued in a speech at the University of Virginia in Charlottesville Dec. 16 that Congress had perpetuated a dangerous situation in Central America by its indecisiveness on his program of aid to the anti-communist Contra rebels.,Event
spanned,Relation
authored,Relation
before,Relation
depict,Relation
is located in,Relation
killed in,Relation
is in,Relation
includes,Relation
because,Relation
contained in,Relation
turned into,Relation
at the same time,Relation
attacked,Relation
takes place at,Relation
targeted,Relation
were arrested in,Relation
consists of,Relation
stopped,Relation
prevented,Relation
is participated by,Relation
imagined as,Relation
as a result,Relation
attempted,Relation
located in,Relation
involved,Relation
reports from,Relation
operated in,Relation
delivered,Relation
addressed,Relation
perpetuated,Relation
made in,Relation
sounded,Relation
contained,Relation
depicted,Relation
occurred in,Relation
has tenure during,Relation
after,Relation
rejected,Relation
