:START_ID,:END_ID,:TYPE
Israel television,c82c592ed8eb01039e708151ded713de10959f91f7652ac78ca402759a7338ba,Source
skit,c82c592ed8eb01039e708151ded713de10959f91f7652ac78ca402759a7338ba,Source
Tuvia Tzafir,c82c592ed8eb01039e708151ded713de10959f91f7652ac78ca402759a7338ba,Source
public apathy,c82c592ed8eb01039e708151ded713de10959f91f7652ac78ca402759a7338ba,Source
Israeli family,c82c592ed8eb01039e708151ded713de10959f91f7652ac78ca402759a7338ba,Source
Comedian Tuvia Tzafir created a skit attacking public apathy by depicting an Israeli family watching TV while a fire raged outside,c82c592ed8eb01039e708151ded713de10959f91f7652ac78ca402759a7338ba,Source
Israel television rejected a skit by comedian Tuvia Tzafir,c82c592ed8eb01039e708151ded713de10959f91f7652ac78ca402759a7338ba,Source
Israel television rejected a skit by comedian Tuvia Tzafir that attacked public apathy by depicting an Israeli family watching TV while a fire raged outside.,c82c592ed8eb01039e708151ded713de10959f91f7652ac78ca402759a7338ba,Source
art exhibit,b3c7e594cbc31a8318634f53592d70193b8f2b6916249465d6ecee32f99da370,Source
Hakawati Theatre,b3c7e594cbc31a8318634f53592d70193b8f2b6916249465d6ecee32f99da370,Source
Arab east Jerusalem,b3c7e594cbc31a8318634f53592d70193b8f2b6916249465d6ecee32f99da370,Source
portraits,b3c7e594cbc31a8318634f53592d70193b8f2b6916249465d6ecee32f99da370,Source
Palestinians,b3c7e594cbc31a8318634f53592d70193b8f2b6916249465d6ecee32f99da370,Source
rebellion,b3c7e594cbc31a8318634f53592d70193b8f2b6916249465d6ecee32f99da370,Source
An art exhibit opened at the Hakawati Theatre in Arab east Jerusalem,b3c7e594cbc31a8318634f53592d70193b8f2b6916249465d6ecee32f99da370,Source
The exhibit featured a series of portraits of Palestinians killed in the rebellion,b3c7e594cbc31a8318634f53592d70193b8f2b6916249465d6ecee32f99da370,Source
An art exhibit at the Hakawati Theatre in Arab east Jerusalem was a series of portraits of Palestinians killed in the rebellion.,b3c7e594cbc31a8318634f53592d70193b8f2b6916249465d6ecee32f99da370,Source
PERUGIA,dfa77a6a9313b8d0374a65d76e75e485b439d3410b4020d1f02d98f82d4a935d,Source
Italy,dfa77a6a9313b8d0374a65d76e75e485b439d3410b4020d1f02d98f82d4a935d,Source
Associated Press,dfa77a6a9313b8d0374a65d76e75e485b439d3410b4020d1f02d98f82d4a935d,Source
"PERUGIA, Italy",dfa77a6a9313b8d0374a65d76e75e485b439d3410b4020d1f02d98f82d4a935d,Source
AP,dfa77a6a9313b8d0374a65d76e75e485b439d3410b4020d1f02d98f82d4a935d,Source
five people,eb024aa9f5f8f1b64ddd17013b2ad7fd571771d6fb622829b2bf6dda31208c7f,Source
Perugia,eb024aa9f5f8f1b64ddd17013b2ad7fd571771d6fb622829b2bf6dda31208c7f,Source
Umbria province,eb024aa9f5f8f1b64ddd17013b2ad7fd571771d6fb622829b2bf6dda31208c7f,Source
police,eb024aa9f5f8f1b64ddd17013b2ad7fd571771d6fb622829b2bf6dda31208c7f,Source
car,eb024aa9f5f8f1b64ddd17013b2ad7fd571771d6fb622829b2bf6dda31208c7f,Source
trunk,eb024aa9f5f8f1b64ddd17013b2ad7fd571771d6fb622829b2bf6dda31208c7f,Source
bogus bills,eb024aa9f5f8f1b64ddd17013b2ad7fd571771d6fb622829b2bf6dda31208c7f,Source
Police stopped their car,eb024aa9f5f8f1b64ddd17013b2ad7fd571771d6fb622829b2bf6dda31208c7f,Source
Five people were arrested there Tuesday night,eb024aa9f5f8f1b64ddd17013b2ad7fd571771d6fb622829b2bf6dda31208c7f,Source
Police found $1 million in bogus bills in the trunk,eb024aa9f5f8f1b64ddd17013b2ad7fd571771d6fb622829b2bf6dda31208c7f,Source
Officials in Perugia in Umbria province said five people were arrested there Tuesday night.,eb024aa9f5f8f1b64ddd17013b2ad7fd571771d6fb622829b2bf6dda31208c7f,Source
Officials,eb024aa9f5f8f1b64ddd17013b2ad7fd571771d6fb622829b2bf6dda31208c7f,Source
Police stopped their car and found $1 million in bogus bills in the trunk.,eb024aa9f5f8f1b64ddd17013b2ad7fd571771d6fb622829b2bf6dda31208c7f,Source
their car,eb024aa9f5f8f1b64ddd17013b2ad7fd571771d6fb622829b2bf6dda31208c7f,Source
$1 million in bogus bills,eb024aa9f5f8f1b64ddd17013b2ad7fd571771d6fb622829b2bf6dda31208c7f,Source
the trunk,eb024aa9f5f8f1b64ddd17013b2ad7fd571771d6fb622829b2bf6dda31208c7f,Source
operation,778114f6461d7f003718c8fe7bda7cfdac91f9745032bb1195bbdbbcab452c29,Source
Lazio province,778114f6461d7f003718c8fe7bda7cfdac91f9745032bb1195bbdbbcab452c29,Source
Campania province,778114f6461d7f003718c8fe7bda7cfdac91f9745032bb1195bbdbbcab452c29,Source
"The ANSA news agency said the operation involved police in Umbria and Lazio provinces in central Italy and Campania province in the south, without specifying exact arrest locations.",778114f6461d7f003718c8fe7bda7cfdac91f9745032bb1195bbdbbcab452c29,Source
ANSA news agency,778114f6461d7f003718c8fe7bda7cfdac91f9745032bb1195bbdbbcab452c29,Source
Umbria,778114f6461d7f003718c8fe7bda7cfdac91f9745032bb1195bbdbbcab452c29,Source
Lazio provinces,778114f6461d7f003718c8fe7bda7cfdac91f9745032bb1195bbdbbcab452c29,Source
Rome,4c1ec9804433c51b1df6966d6503464202ece20f045a2a58c296a0756b08babd,Source
Naples,4c1ec9804433c51b1df6966d6503464202ece20f045a2a58c296a0756b08babd,Source
Campania,4c1ec9804433c51b1df6966d6503464202ece20f045a2a58c296a0756b08babd,Source
Rome is in Lazio province,4c1ec9804433c51b1df6966d6503464202ece20f045a2a58c296a0756b08babd,Source
Naples is in Campania,4c1ec9804433c51b1df6966d6503464202ece20f045a2a58c296a0756b08babd,Source
Reagan,bf0ffc4164efde457aaed251b40b5c7521627e97033ba8278c2208e778eb330e,Source
notes,bf0ffc4164efde457aaed251b40b5c7521627e97033ba8278c2208e778eb330e,Source
speeches,bf0ffc4164efde457aaed251b40b5c7521627e97033ba8278c2208e778eb330e,Source
career,bf0ffc4164efde457aaed251b40b5c7521627e97033ba8278c2208e778eb330e,Source
America,bf0ffc4164efde457aaed251b40b5c7521627e97033ba8278c2208e778eb330e,Source
city upon a hill,bf0ffc4164efde457aaed251b40b5c7521627e97033ba8278c2208e778eb330e,Source
Reagan sounded positive notes reminiscent of earlier speeches throughout his political career,bf0ffc4164efde457aaed251b40b5c7521627e97033ba8278c2208e778eb330e,Source
Reagan emphasized the pre-eminent position of We the People in the American system,bf0ffc4164efde457aaed251b40b5c7521627e97033ba8278c2208e778eb330e,Source
iron triangle,e479537c5365984b66cdea825ddaeba004eb98f778334b1b7a4754362a74a8ba,Source
members of Congress,e479537c5365984b66cdea825ddaeba004eb98f778334b1b7a4754362a74a8ba,Source
news media,e479537c5365984b66cdea825ddaeba004eb98f778334b1b7a4754362a74a8ba,Source
special interest groups,e479537c5365984b66cdea825ddaeba004eb98f778334b1b7a4754362a74a8ba,Source
speech,e479537c5365984b66cdea825ddaeba004eb98f778334b1b7a4754362a74a8ba,Source
political appointees,e479537c5365984b66cdea825ddaeba004eb98f778334b1b7a4754362a74a8ba,Source
Washington,e479537c5365984b66cdea825ddaeba004eb98f778334b1b7a4754362a74a8ba,Source
administration,e479537c5365984b66cdea825ddaeba004eb98f778334b1b7a4754362a74a8ba,Source
federal budget,e479537c5365984b66cdea825ddaeba004eb98f778334b1b7a4754362a74a8ba,Source
Reagan gave a speech to political appointees in Washington on Dec. 13,e479537c5365984b66cdea825ddaeba004eb98f778334b1b7a4754362a74a8ba,Source
Reagan claimed that the iron triangle had prevented his administration from balancing the federal budget,e479537c5365984b66cdea825ddaeba004eb98f778334b1b7a4754362a74a8ba,Source
Reagan delivered a speech to political appointees in Washington on Dec. 13.,e479537c5365984b66cdea825ddaeba004eb98f778334b1b7a4754362a74a8ba,Source
Dec. 13,e479537c5365984b66cdea825ddaeba004eb98f778334b1b7a4754362a74a8ba,Source
Reagan claimed that the iron triangle had prevented his administration from balancing the federal budget.,e479537c5365984b66cdea825ddaeba004eb98f778334b1b7a4754362a74a8ba,Source
Congress,65ff1eed3f4798029514b1b8e826b6d0e22c1982f56fdff8fee6c40cce016ea7,Source
situation in Central America,65ff1eed3f4798029514b1b8e826b6d0e22c1982f56fdff8fee6c40cce016ea7,Source
program of aid,65ff1eed3f4798029514b1b8e826b6d0e22c1982f56fdff8fee6c40cce016ea7,Source
anti-communist Contra rebels,65ff1eed3f4798029514b1b8e826b6d0e22c1982f56fdff8fee6c40cce016ea7,Source
He made a speech at the University of Virginia in Charlottesville on Dec. 16,65ff1eed3f4798029514b1b8e826b6d0e22c1982f56fdff8fee6c40cce016ea7,Source
He argued that Congress had perpetuated a dangerous situation in Central America,65ff1eed3f4798029514b1b8e826b6d0e22c1982f56fdff8fee6c40cce016ea7,Source
"Congress showed on-again, off-again indecisiveness on his program of aid to the anti-communist Contra rebels",65ff1eed3f4798029514b1b8e826b6d0e22c1982f56fdff8fee6c40cce016ea7,Source
Congress perpetuated a dangerous situation in Central America,65ff1eed3f4798029514b1b8e826b6d0e22c1982f56fdff8fee6c40cce016ea7,Source
He argued in a speech at the University of Virginia in Charlottesville Dec. 16 that Congress had perpetuated a dangerous situation in Central America by its indecisiveness on his program of aid to the anti-communist Contra rebels.,65ff1eed3f4798029514b1b8e826b6d0e22c1982f56fdff8fee6c40cce016ea7,Source
He,65ff1eed3f4798029514b1b8e826b6d0e22c1982f56fdff8fee6c40cce016ea7,Source
trade deficits,c2bdb8f0f4f1e48dfca6549593e44a201cda817b234aaaa5d16ad43483ea4892,Source
debtor nation,c2bdb8f0f4f1e48dfca6549593e44a201cda817b234aaaa5d16ad43483ea4892,Source
Reagan's tenure turned America into the world's biggest debtor nation,c2bdb8f0f4f1e48dfca6549593e44a201cda817b234aaaa5d16ad43483ea4892,Source
enormous trade deficits occurred during Reagan's tenure,c2bdb8f0f4f1e48dfca6549593e44a201cda817b234aaaa5d16ad43483ea4892,Source
America turned into the world's biggest debtor nation,c2bdb8f0f4f1e48dfca6549593e44a201cda817b234aaaa5d16ad43483ea4892,Source
"There was no mention at all of the Contras, the arms sales to Iran or the enormous trade deficits that during Reagan's tenure have turned America into the world's biggest debtor nation.",c2bdb8f0f4f1e48dfca6549593e44a201cda817b234aaaa5d16ad43483ea4892,Source
Contras,c2bdb8f0f4f1e48dfca6549593e44a201cda817b234aaaa5d16ad43483ea4892,Source
Iran,c2bdb8f0f4f1e48dfca6549593e44a201cda817b234aaaa5d16ad43483ea4892,Source
