text_id:ID,original_text,:LABEL
c82c592ed8eb01039e708151ded713de10959f91f7652ac78ca402759a7338ba,Israel television rejected a skit by comedian Tuvia Tzafir that attacked public apathy by depicting an Israeli family watching TV while a fire raged outside.,Text
b3c7e594cbc31a8318634f53592d70193b8f2b6916249465d6ecee32f99da370,An art exhibit at the Hakawati Theatre in Arab east Jerusalem was a series of portraits of Palestinians killed in the rebellion.,Text
dfa77a6a9313b8d0374a65d76e75e485b439d3410b4020d1f02d98f82d4a935d,"PERUGIA, Italy (AP)",Text
eb024aa9f5f8f1b64ddd17013b2ad7fd571771d6fb622829b2bf6dda31208c7f,Officials in Perugia in Umbria province said five people were arrested there Tuesday night after police stopped their car and found $1 million in bogus bills in the trunk.,Text
778114f6461d7f003718c8fe7bda7cfdac91f9745032bb1195bbdbbcab452c29,"The ANSA news agency said the operation involved police in Umbria and Lazio provinces in central Italy and Campania province in the south, without specifying exact arrest locations.",Text
4c1ec9804433c51b1df6966d6503464202ece20f045a2a58c296a0756b08babd,Rome is in Lazio province and Naples in Campania.,Text
bf0ffc4164efde457aaed251b40b5c7521627e97033ba8278c2208e778eb330e,"Reagan sounded positive notes reminiscent of earlier speeches throughout his political career _ the pre-eminent position of ""We the People"" in the American system, the image of America as a shining ""city upon a hill,"" the importance of paying more attention to American history.",Text
e479537c5365984b66cdea825ddaeba004eb98f778334b1b7a4754362a74a8ba,"There was no mention of the ""iron triangle"" of members of Congress, the news media and special interest groups who, in a speech to political appointees in Washington on Dec. 13, Reagan claimed had prevented his administration from balancing the federal budget.",Text
65ff1eed3f4798029514b1b8e826b6d0e22c1982f56fdff8fee6c40cce016ea7,"Nor did he argue, as he did in a speech at the University of Virginia in Charlottesville Dec. 16, that Congress had perpetuated a dangerous situation in Central America by its ""on-again, off-again indecisiveness"" on his program of aid to the anti-communist Contra rebels.",Text
c2bdb8f0f4f1e48dfca6549593e44a201cda817b234aaaa5d16ad43483ea4892,"There was no mention at all of the Contras, the arms sales to Iran or the enormous trade deficits that during Reagan's tenure have turned America into the world's biggest debtor nation.",Text
